771-78-9747,Kirstin,Faldo,F,739-196-6751
456-99-8949,Lindi,Love,F,329-642-0274
197-04-8723,Dorree,Sennett,F,151-627-6524
844-10-6433,Jill,Lambarth,F,368-609-9849
617-60-3835,Tommi,Christley,F,752-188-0667
893-57-6313,Serene,Woolmington,F,857-449-9675
106-87-8320,Algernon,MacAlroy,M,850-852-3981
872-40-1702,Giselle,Pople,F,490-899-1301
731-48-0865,Paola,Hannan,F,355-369-4667
169-71-4896,Bili,Fitzjohn,F,937-198-4710
315-97-9802,Torrey,Aubury,M,320-385-9323
171-82-5490,Elsy,Goldsworthy,F,469-914-6677
636-11-0395,Jsandye,Cavet,F,845-855-4789
894-66-0320,Nicki,Wigzell,F,491-307-0892
448-68-1388,Winifield,Denham,M,455-155-8904
422-77-1425,Sol,Szymonowicz,M,196-377-5786
114-68-9844,Cris,Lattey,M,359-373-6109
330-29-1479,Cordula,Varey,F,691-193-2686
331-21-5399,Remus,Mackiewicz,M,331-960-8364
171-68-9165,Juli,Playford,F,111-642-0836
802-24-3883,Chase,Sherry,M,140-346-7085
130-54-3954,Keenan,Spenclay,M,696-226-3288
378-01-7884,Henrie,Clurow,F,529-981-9941
718-37-1802,Stepha,Dunk,F,252-551-9901
253-07-6690,Cara,Macci,F,474-815-4094
349-29-4069,Carina,Parsand,F,233-952-4107
634-13-9626,Harry,Boughey,M,258-210-5579
258-25-3270,Marilyn,Sherrum,F,398-794-3132
269-44-1204,Francklin,Lendrem,M,694-820-5311
531-32-9679,Marlena,Laise,F,203-783-8045
501-47-2330,Brittney,Primak,F,606-586-2913
522-81-5796,Kizzee,Brandenburg,F,104-325-4897
269-80-6183,Isador,Turbard,M,930-923-1490
845-83-0191,Idell,Epgrave,F,175-265-8183
387-15-1222,Evyn,Spurnier,M,598-197-8301
717-16-6306,Debora,Oulner,F,345-675-7434
665-45-1087,Victoir,Tompsett,M,129-142-8742
308-45-9846,Westleigh,Guiduzzi,M,931-917-8361
332-86-5913,Grantham,Leuren,M,401-275-1050
828-18-9959,Whitman,Warke,M,655-835-4618
238-78-7869,Morissa,Calender,F,463-540-5029
407-35-3767,Gertrudis,Arundel,F,283-889-0918
662-61-4662,Katherine,Frangleton,F,723-918-7615
286-49-0067,Leonore,Keir,F,444-585-0036
130-84-7136,Rivalee,Mallya,F,967-579-8560
690-36-5703,Phil,Banfill,M,621-789-3060
345-42-2198,Lisabeth,Leetham,F,942-780-9517
297-02-3365,Humberto,Skottle,M,489-832-2946
464-67-0081,Claudine,Wightman,F,755-701-4449
769-09-1796,Theodor,Tomeo,M,466-576-7024
146-10-1440,Anjela,Robart,F,517-704-6591
855-06-7121,Giustina,Fealy,F,962-606-1040
278-10-6456,Guillermo,Joss,M,667-536-3117
442-89-4276,Courtney,Antoniak,F,968-464-0023
284-76-6973,Danielle,Lawley,F,772-990-1486
442-19-9751,Paolina,Spain-Gower,F,869-976-6809
607-26-8450,Trent,Rideout,M,255-894-9676
406-21-7190,Annabel,Hassen,F,677-658-4312
466-92-4188,Stanislas,Sellar,M,261-248-8997
135-96-9835,Felipe,Girardengo,M,943-538-4413
121-66-5829,Conroy,Freire,M,702-984-4160
441-15-0611,Salli,Chaundy,F,844-352-8258
859-70-2679,Jarad,Vardy,M,467-566-4633
520-48-8620,Tyler,O'Kynsillaghe,M,825-908-6014
306-92-1963,Patti,Stickney,F,832-844-9207
711-84-1767,Arlina,Habbema,F,927-137-0588
730-21-1798,Kain,Fuzzard,M,593-532-8510
535-64-4181,Mikael,Hitcham,M,699-756-1974
708-10-1729,Friedrick,Rattenberie,M,197-551-6824
111-14-7325,Webster,Lumsdaine,M,199-884-8394
577-26-5611,Jan,Oddey,M,289-450-0647
651-98-1227,Sib,O'Devey,F,926-415-9816
898-94-2029,Roxy,Fay,F,813-978-7799
613-91-4963,Wendye,Asquez,F,462-821-7925
746-28-4579,Archy,Killner,M,646-415-7610
785-43-4078,Faulkner,Kingzett,M,126-996-0415
566-46-0543,Si,Aitcheson,M,999-390-8276
894-64-5232,Howey,Thominga,M,330-167-0833
747-46-0365,Katherina,Domleo,F,863-620-9049
420-30-9321,Aloin,Brunnen,M,933-956-5085
239-85-2599,Bent,Yukhnini,M,775-360-1608
700-33-5604,Emmey,Kinge,F,513-685-6494
591-24-3906,Adrianne,Belch,F,713-196-4158
502-46-8681,Porty,Krook,M,533-579-6389
800-86-8968,Wat,O'Shiel,M,331-236-6212
815-94-3494,Bondie,Timbs,M,425-260-8709
333-70-2735,Kalinda,Haslam,F,600-399-9360
483-89-9065,Ruthann,Cowser,F,719-975-4405
772-02-5384,Jamey,Canavan,M,279-147-6895
518-31-3273,Feodora,Mynett,F,120-125-5617
804-18-7034,Cornelia,Mounce,F,435-475-6425
737-50-7454,Theo,Casperri,M,989-288-4565
285-70-8122,Kirbie,Devonshire,F,193-453-5480
827-11-8484,Agnes,Dallas,F,176-330-7172
674-97-2426,Ludovico,Esser,M,540-826-4548
112-92-8786,Agosto,Tindley,M,900-111-8756
499-16-2726,Emmerich,Thurman,M,403-511-1073
895-33-6350,Algernon,Yglesia,M,895-773-4037
831-82-4898,Prisca,Parffrey,F,310-553-0824
830-55-1805,Hank,Bartomieu,M,408-525-5303
691-47-3831,Pascale,Crombie,M,392-391-3616
122-51-3962,Win,Baile,M,536-996-9836
279-63-2455,Carlin,Skirling,M,464-500-6580
688-63-6921,Anna-diane,Curphey,F,640-403-6207
114-60-6562,Pamela,Feldbau,F,527-328-4178
233-77-1145,Pietrek,Smails,M,845-977-4711
891-07-7591,Roz,Mallett,F,796-995-7652
827-74-6194,Cornela,Biggen,F,576-542-0595
335-66-4286,Hollie,Dominetti,F,412-510-9155
373-06-5551,Francyne,Terrans,F,512-672-1371
123-72-8856,Dione,Aldus,F,928-754-7436
588-65-6257,Mateo,Beggini,M,667-106-7470
621-16-2830,Richie,Jacqueminet,M,129-594-8629
627-48-3358,Jarrett,Salzburger,M,874-606-0057
847-33-0183,Annnora,Deaton,F,679-215-3141
669-75-7839,Melany,Larwood,F,397-745-3951
194-42-6806,Althea,Heibel,F,325-276-5743
525-84-3768,Banky,Simonin,M,423-702-9474
581-24-5493,Petronille,McKelvie,F,273-721-9098
540-72-9092,Susie,Beavis,F,438-579-7820
524-98-3141,Yul,Hasselby,M,699-285-8943
261-64-7553,Benedikt,Hebblewhite,M,729-650-3722
649-73-5632,Willy,Klezmski,F,259-785-2592
853-23-7610,Cherida,Pottes,F,665-633-0572
634-21-4907,Harlene,Willgoose,F,805-180-8160
305-23-7157,Shellie,Stanion,F,163-883-9162
341-69-3046,Elspeth,Worters,F,295-601-9953
489-97-8536,Tuesday,MacSorley,F,102-678-4171
161-64-6552,Dita,Kershow,F,426-504-5679
800-82-8019,Hayes,Dowzell,M,864-894-8703
429-87-7955,Kimmie,Padbery,F,898-879-4448
777-40-5753,Jandy,Blazewicz,F,702-858-3323
317-07-7984,Cal,Beaven,M,894-206-1652
214-45-5502,Min,Carnegy,F,292-185-2940
850-48-5054,Nerissa,Haistwell,F,448-472-3471
311-97-8133,Bethena,Cowdery,F,768-283-2548
622-62-2062,Sarine,Stote,F,321-727-3909
160-64-9216,Mychal,Lambe,M,855-998-9185
777-92-6773,Pate,Scholey,M,936-830-7091
638-35-7002,Wileen,Choffin,F,603-749-7736
282-29-0172,Carlynn,Suff,F,534-594-2974
891-60-9531,Shaine,Andreolli,F,404-496-2072
463-56-0367,Nan,McGaughie,F,233-431-9716
175-86-9910,Che,Ivchenko,M,791-214-2824
742-40-3860,Wernher,Rysdale,M,807-298-2109
421-99-4032,Kellen,Hartropp,M,870-248-9672
844-98-1873,Nikola,Doherty,M,517-351-0951
406-68-9330,Jessie,Kitlee,F,745-112-4255
831-34-7615,Hinze,Stainfield,M,484-363-2408
339-70-7797,Mikael,Gulland,M,637-605-9777
894-22-1683,Sapphira,Tremoulet,F,397-808-4938
324-57-9038,Jameson,Bowker,M,848-604-0058
431-49-6049,Merry,Pie,M,327-685-8173
297-31-5935,Merissa,Will,F,467-251-8677
693-28-5127,Candida,Setter,F,258-588-3213
130-04-2954,Evvy,Floyed,F,501-278-1753
342-97-1760,Happy,Obert,F,154-862-4067
502-88-5986,Miquela,Jennison,F,952-884-8274
821-63-1866,Theodosia,Kettlesting,F,678-409-2916
749-68-8658,Marcel,Quartley,M,519-250-0016
741-64-9442,Devin,Miell,F,491-819-1598
822-80-6004,Wilden,Reames,M,186-353-4814
608-92-6531,Wilhelmina,Hoogendorp,F,178-132-6837
537-62-9080,Brod,Marquiss,M,553-776-1404
252-31-7038,Priscella,McCallam,F,713-488-3972
423-41-8286,Marcia,Castillou,F,240-243-4881
865-52-4622,Sauveur,Comrie,M,127-365-0363
304-42-2033,Sigismundo,Haselup,M,698-495-8158
417-89-3625,Novelia,Baldock,F,196-501-9587
781-79-6386,Xylia,Tetther,F,120-461-8843
444-25-8716,Angele,Cadlock,F,343-391-0079
544-19-8618,Stefa,MacCallum,F,123-195-7037
706-53-2012,Ernesto,Origin,M,508-507-3952
430-34-5471,Friederike,Mackness,F,914-240-5773
766-98-2531,Mitchell,Bassom,M,900-710-5370
409-61-9170,Blair,Lankford,M,318-656-2376
167-57-3236,Berty,Marklund,F,632-626-1193
528-95-2018,Wendi,Philipsohn,F,210-836-8101
438-48-3707,Cordelia,Baldock,F,524-335-6353
796-32-1291,Camellia,Pountney,F,125-647-5885
476-84-8190,Gratia,Sarfati,F,712-392-6825
420-50-9400,Vergil,Crossgrove,M,566-298-3042
361-06-7035,Ritchie,Chillistone,M,878-168-9415
324-95-9280,Averill,Goggin,M,122-832-7824
885-53-8761,Gerri,Masselin,M,540-810-8741
894-04-6573,Janifer,Walcher,F,396-243-2494
313-67-5744,Rog,Escale,M,208-509-2130
582-86-4934,Larisa,Maryon,F,918-492-9839
781-28-8216,Elle,Featherstonhalgh,F,943-211-4590
190-38-7627,Patton,Gawthorpe,M,403-867-6915
531-09-6549,Willetta,Shrubsall,F,121-965-2994
537-31-8239,Berkeley,McKellar,M,243-637-8060
497-19-9946,Willard,Baversor,M,377-761-2363
297-26-6079,Ezequiel,Hurworth,M,529-730-8744
485-26-5862,Lek,Burkman,M,587-557-4690
596-81-2155,Fiorenze,Tungay,F,428-358-9049
416-10-1678,Onfroi,Manthorpe,M,387-175-5141
830-07-9619,Zachery,Blacktin,M,168-921-5931
279-12-9632,Della,Mityashev,F,480-171-4933
792-63-5889,Franciska,Hamper,F,449-740-8794
