1,Schaefer and Sons,751-893-3466,53 Russell Drive,1,110
2,Kulas and Sons,425-831-7812,5312 Autumn Leaf Circle,2,180
3,"Bahringer, Huel and Wuckert",486-423-3717,45444 Bunting Junction,3,179
4,Schmitt-Nikolaus,650-649-9975,492 Waywood Terrace,4,161
5,"Jast, Beer and Kub",929-954-3834,91 Buhler Lane,5,157
6,Streich and Sons,800-475-7624,0 Trailsway Way,6,153
7,"Nader, Predovic and Nitzsche",249-131-4768,28113 Dunning Avenue,7,149
8,Dibbert-Cummings,246-365-4902,53725 Springview Park,8,188
9,Kuphal-Bergstrom,177-285-2228,09051 Red Cloud Way,9,117
10,"Haag, Greenholt and Schoen",601-900-7418,05 Goodland Street,10,132
11,Wuckert-Hintz,366-390-8332,226 Summerview Street,11,142
12,"Wiza, Durgan and Pfeffer",869-702-2127,280 Carey Plaza,12,125
13,"Herzog, McLaughlin and Kiehn",830-973-2070,549 Luster Place,13,137
14,Dickinson Inc,739-795-8978,5394 Shoshone Alley,14,105
15,Hills-Goldner,253-881-3681,0 Farwell Junction,15,127
16,Barrows Inc,215-285-6188,40521 Boyd Plaza,16,146
17,Hackett and Sons,313-173-2559,6812 Anzinger Trail,17,189
18,"Koelpin, Robel and Langworth",315-480-0452,541 David Way,18,185
19,"Murray, Collins and Heaney",704-715-1801,46 Hallows Circle,19,178
20,Gleason-Hyatt,562-848-2205,70997 Oak Place,20,159
21,"Kuhn, Mills and Kshlerin",446-165-8238,3 Red Cloud Road,21,162
22,Robel Group,520-101-7434,11 Crescent Oaks Way,22,151
23,Torp-Bauch,573-717-5105,155 Comanche Place,23,196
24,Harris Group,649-553-8814,61 Atwood Plaza,24,167
25,Grady-Friesen,327-486-0167,4983 Summit Center,25,112
26,"Brown, Paucek and Bauch",937-585-2144,8 Harbort Court,26,112
27,Kuvalis-Wisozk,888-405-0573,7 Dwight Street,27,152
28,"Hessel, Pacocha and Howe",675-364-2262,33 Meadow Valley Lane,28,122
29,"Zulauf, Hilll and D''Amore",718-665-5724,92677 Dixon Court,29,173
30,Schamberger-Graham,119-765-7136,8 Magdeline Terrace,30,173
31,Orn Inc,135-464-2257,3320 Logan Park,31,175
32,"Beier, Legros and Jakubowski",854-712-3928,33 Florence Drive,32,140
33,Bednar Inc,759-326-5970,0831 Mcbride Drive,33,104
34,"Padberg, Hahn and Jaskolski",937-657-0727,283 Fairfield Parkway,34,128
35,"Moore, Tromp and Bayer",279-365-8609,6616 Veith Trail,35,158
36,Kessler-Kutch,174-889-3102,7671 Stoughton Alley,36,158
37,Grady and Sons,956-578-9183,1954 Dixon Crossing,37,147
38,Veum-Sporer,293-370-9135,80808 Superior Point,38,126
39,Reinger LLC,558-917-2350,81 Hintze Way,39,175
40,Lakin-Auer,430-192-7042,05669 Artisan Road,40,120
41,Effertz LLC,415-382-5272,99201 North Alley,41,101
42,"Dare, Berge and Hermann",281-233-8330,2633 Village Court,42,133
43,"Champlin, Hahn and Smitham",357-546-7369,387 Pine View Pass,43,137
44,Wuckert-O'Conner,344-365-3673,85179 Clyde Gallagher Place,44,111
45,Nicolas-Satterfield,329-360-9443,974 2nd Road,45,174
46,Cronin-Murazik,828-185-3451,78 Longview Way,46,103
47,"Toy, Schamberger and Konopelski",980-353-5198,09 Towne Terrace,47,186
48,Hagenes-Schaefer,417-731-8764,10 Magdeline Junction,48,192
49,"Strosin, Gislason and Parker",559-625-7680,54 Acker Way,49,144
50,Welch-McKenzie,822-444-8411,033 Mayer Terrace,50,165
