101,O'Conner Inc,372-653-9712,wmcgown0@surveymonkey.com
102,"Considine, Lueilwitz and Bashirian",472-557-6203,bpaske1@gmpg.org
103,Becker-Christiansen,306-782-8698,ptysack2@businesswire.com
104,Gusikowski Group,560-308-3238,hskettles3@sakura.ne.jp
105,Crooks LLC,169-460-9351,arosbotham4@devhub.com
106,Jaskolski-Hermann,345-561-4673,btolland5@prlog.org
107,Streich-Blanda,408-648-1406,rreston6@who.int
108,Fahey-Lang,666-947-3580,gshowell7@latimes.com
109,"Cassin, Lynch and VonRueden",154-413-3091,gsegges8@blogspot.com
110,"Beatty, Heaney and Ritchie",713-960-8294,hhyland9@networksolutions.com
111,Mann and Sons,979-397-7531,fbuggsa@vistaprint.com
112,Hodkiewicz-Conn,678-393-3544,zgreenhalghb@nyu.edu
113,Bins-Little,332-756-2131,grenonc@patch.com
114,Jacobs LLC,777-842-5245,fdockseyd@people.com.cn
115,White LLC,438-281-3899,mpyotte@ft.com
116,Cassin-Larson,374-757-6710,gpatershallf@cdbaby.com
117,Yost Inc,420-742-9395,aapplegateg@woothemes.com
118,"Glover, Conroy and Murphy",477-491-9546,jhockeyh@ezinearticles.com
119,Ebert LLC,578-679-9446,jdabneyi@eventbrite.com
120,Barrows-Rogahn,766-285-9057,dgoddingj@dyndns.org
121,Schulist LLC,866-778-2528,fnuddek@narod.ru
122,Friesen-Walker,624-402-1697,fdepinnal@upenn.edu
123,Gulgowski LLC,255-241-6854,bcrockfordm@t-online.de
124,"Purdy, Prohaska and Dibbert",973-551-4667,linstockn@ehow.com
125,"Powlowski, Dach and Hauck",901-704-1258,mhanneno@un.org
126,Stracke-Veum,221-287-1653,athickpennyp@gizmodo.com
127,"Jaskolski, Leuschke and Watsica",296-315-8608,isallierq@foxnews.com
128,Pollich-Pfeffer,618-389-8981,mchatainierr@baidu.com
129,Beier Inc,204-893-5490,dkamens@virginia.edu
130,"McLaughlin, Grimes and Walker",763-673-2966,dsimonazzit@123-reg.co.uk
131,Turner Group,161-271-8819,csteptowu@goo.ne.jp
132,Legros Inc,163-338-1184,fpurlev@hud.gov
133,Nienow-Tromp,659-293-0773,mabellaw@parallels.com
134,Wolf Inc,915-910-8491,yzecchinellix@instagram.com
135,Kulas Group,489-958-7720,jspurretty@patch.com
136,Jakubowski-Brown,851-480-1095,mdoctorz@ustream.tv
137,Borer-Wilkinson,957-223-1397,ahockey10@yandex.ru
138,"Mann, Reichel and Kunde",614-364-1287,mmaro11@geocities.jp
139,"Champlin, Gibson and Rice",766-143-6283,afellibrand12@purevolume.com
140,"Bogisich, Rodriguez and Armstrong",299-745-7242,teverall13@auda.org.au
141,Carroll and Sons,799-320-9387,ptapson14@un.org
142,Dibbert Inc,240-838-9314,estaker15@oracle.com
143,Ortiz Inc,914-300-7682,ballcott16@mac.com
144,"Nitzsche, Luettgen and Harvey",336-544-1956,ntatem17@wordpress.org
145,"Lindgren, Hintz and Wiza",351-971-8267,cbassford18@businessweek.com
146,"Sauer, Ankunding and Effertz",702-854-7498,sneild19@shop-pro.jp
147,Simonis-Fisher,600-876-0185,ahatliff1a@discuz.net
148,"McLaughlin, Christiansen and Nolan",399-110-1698,rhugues1b@reference.com
149,Deckow-Cronin,838-133-6900,lrigbye1c@vimeo.com
150,"Simonis, Gislason and Braun",717-669-5498,cjanczewski1d@imdb.com
151,"Witting, Cole and Bergstrom",559-605-4080,wboother1e@buzzfeed.com
152,Streich-Dickinson,925-941-9891,edudlestone1f@nifty.com
153,Bernier-Hegmann,438-892-6258,pjorin1g@bravesites.com
154,"Hand, Carter and Mante",113-735-8657,smcdill1h@gizmodo.com
155,Walter and Sons,160-365-7235,crogliero1i@taobao.com
156,Lind and Sons,377-754-8061,clevesley1j@tuttocitta.it
157,Satterfield Inc,683-476-1396,iscorer1k@google.ru
158,Cruickshank-Olson,791-217-8785,ewhaymand1l@cbsnews.com
159,Boyer-Cole,763-641-3510,hpollins1m@ask.com
160,Kulas Inc,187-121-4583,pcisar1n@yellowbook.com
161,Green and Sons,640-415-2855,zbeardon1o@businessinsider.com
162,Breitenberg LLC,314-524-1595,lgytesham1p@godaddy.com
163,Donnelly-Roberts,434-381-2743,rgreguol1q@ihg.com
164,"Hackett, O''Reilly and Durgan",512-287-6151,glodewick1r@ustream.tv
165,"Ziemann, Smitham and Schroeder",983-901-9621,fdonnersberg1s@europa.eu
166,Thompson-Lehner,307-503-5299,cgorham1t@epa.gov
167,Kemmer LLC,129-834-7505,ccobbled1u@wikipedia.org
168,Mueller-Russel,307-283-0413,rhatrey1v@constantcontact.com
169,Jerde-Mann,476-375-0068,cbezley1w@ed.gov
170,"Welch, Jacobi and Mills",491-956-9695,pgillions1x@yandex.ru
171,Rohan Group,592-324-1880,bharnwell1y@mapquest.com
172,Grimes LLC,331-492-6711,ekingswoode1z@scientificamerican.com
173,"Bode, Hyatt and Gutmann",167-437-1733,kmccracken20@bandcamp.com
174,"Runolfsson, Runolfsdottir and Schultz",961-157-5538,laicheson21@prlog.org
175,"Boyle, Stiedemann and Lesch",208-613-2866,lbeneteau22@people.com.cn
176,Donnelly LLC,298-472-6182,oscrace23@reddit.com
177,"Green, Fay and Crona",995-768-0247,dloveitt24@state.gov
178,Howell and Sons,663-815-0253,ftille25@goodreads.com
179,Thiel-Koss,727-278-0758,hford26@gmpg.org
180,Altenwerth and Sons,791-186-0385,ckubyszek27@dot.gov
181,Reichel-Streich,947-816-3422,cvian28@webeden.co.uk
182,Hauck-Lehner,172-248-1930,lspraggs29@cnn.com
183,Luettgen-Kozey,938-409-2829,bbidewel2a@prnewswire.com
184,Howell Group,571-743-8710,fglennon2b@sciencedaily.com
185,Romaguera Inc,820-693-2841,rtammadge2c@hexun.com
186,"Buckridge, West and Macejkovic",736-190-5426,tmcnicol2d@icq.com
187,Jacobson Group,107-703-1563,mdary2e@smh.com.au
188,Kuhlman Group,794-287-9622,cgwilt2f@diigo.com
189,"Nikolaus, Muller and Rice",198-749-7442,wmort2g@mtv.com
190,Smith and Sons,341-791-4780,fnuzzti2h@slashdot.org
191,Torp Inc,492-689-2042,ecroan2i@google.com
192,Gutkowski-Murphy,859-315-5253,atrethowan2j@instagram.com
193,West-Langworth,945-519-0499,kgreiser2k@nature.com
194,Cole-Bruen,157-549-8697,terwin2l@dion.ne.jp
195,Farrell-Hills,646-121-8231,gredparth2m@washington.edu
196,Padberg and Sons,342-495-4200,aramelet2n@chron.com
197,Koch LLC,951-838-2005,jbartlosz2o@newsvine.com
198,Walsh-Herzog,391-301-3931,osemeniuk2p@t.co
199,O'Kon-Torphy,212-309-0906,bleggis2q@mediafire.com
200,Fisher-Beer,370-540-8166,ihindmoor2r@lulu.com
